Id,Name,Gender,Birthdate,Age,Address
6e7df806-e4d9-4333-862a-60ee800fa698,임도윤,male,1993-03-05,32,청주 북구88길 95
c97870b1-33db-42f3-9e9e-99f46d2dd6a3,윤지우,male,2010-12-14,15,포항 중앙구60로 48
def6d19e-79e0-447c-8600-958d59c211bd,서하늘,female,1957-02-04,68,부산 동구31로 55
17d44ecd-e490-4045-9e6d-68bc6d72184c,신재현,female,1995-08-04,30,청주 북구6로 49
489c929c-171a-482d-b41f-6ee3ba97ba76,장서연,female,2007-12-05,18,천안 중구70길 10
37921fe4-aa77-47dc-95c5-fbf2ece9f9ae,장서연,female,1985-04-05,40,강릉 남구67길 35
16a290cd-7776-4c00-9b51-0d6a872b8762,안나현,female,1971-01-17,54,서울 서구69로 75
207a3502-95aa-4e41-9850-e0cac9053e19,김철수,female,2007-02-27,18,창원 서구98길 31
155c11a8-c38c-4f9b-8177-dfdd415b739d,홍아린,male,1968-04-16,57,인천 서구78로 31
c0f88e0a-6923-477d-940b-243de303ee87,백지호,male,1970-02-17,55,춘천 서구94로 74
18e1a0b0-516f-4cce-8fe0-3e7d9815c79a,조현우,male,1986-08-18,39,청주 남구47로 24
5123568c-9f02-4179-8479-e96c08ee3868,신재현,female,1983-02-25,42,포항 동구23길 32
6c956fee-5089-4947-98fc-74cab0e629cb,윤지우,female,2003-10-08,22,제주 서구20길 41
76d89ab6-ae2f-4549-99ee-e0b4a7121687,오지민,female,1968-09-15,57,광주 서구2로 98
a307b002-0ad6-4e4b-8460-70d7dbbc8905,오지민,female,1985-03-05,40,수원 동구29길 79
910ac933-9c35-4bfc-b8d5-806a0506385c,김철수,female,2009-11-13,16,세종 북구50로 67
37b156b6-ed8d-4976-adbb-2d0e22c4eba5,김철수,female,1979-03-06,46,제주 남구36길 81
4ef8d004-2d9b-43a1-9885-1d51a5a2ee1e,조현우,male,1963-02-09,62,제주 북구25로 20
09622a99-20f7-4051-81df-7d392e526ebd,장서연,male,1965-01-04,60,부산 동구93길 96
ae14082d-2120-453e-9d82-150be3d7174d,임도윤,female,1995-08-21,30,세종 동구91로 56
5520e226-2af2-4c2f-8d8c-f2063ce2dc22,윤지우,male,1981-09-13,44,고양 동구49로 3
3fe563a4-86c1-4568-b442-f04e837fb760,강예린,male,1976-10-03,49,세종 중앙구59길 32
61f0f5ea-52e5-4e4d-b2c7-55f50a866597,장서연,male,1995-02-16,30,청주 남구97로 57
25e0a3fa-a003-4eec-bf91-d0d6da5bc704,백지호,female,1957-08-10,68,광주 중구46로 55
aa94532b-0eaa-4cee-bbaf-7478bf872081,박지원,female,1958-06-20,67,강릉 중앙구29길 75
58d6fa63-9b60-4240-91a2-b37a4df3da4f,김철수,female,1994-01-03,31,제주 북구50길 1
1ed0c1aa-9461-47d2-9dba-e21a291cb8a8,오지민,male,1973-07-02,52,강릉 중구69길 26
d454153f-6536-4b5c-94bc-dd1a57dbe8d0,이영희,female,1956-05-27,69,울산 중구51길 28
e9ffbb77-abe7-406d-81c6-e6fecaf7ab8d,신재현,male,1997-11-28,28,포항 북구75길 63
69a3068f-3778-4cb2-a006-58893e9f93b0,이영희,male,1956-12-04,69,서울 서구44로 83
a2faabe9-205e-4c7d-a2f6-5526e877e5bf,백지호,female,1984-12-19,41,전주 동구13로 47
01ad9c6e-8371-401b-b592-b796fceb18e4,유건우,male,1973-09-24,52,강릉 서구71로 42
a4149c80-1ee2-444c-be7c-cd857d8e8104,한유진,female,1960-05-06,65,울산 중앙구92로 14
e1cc2d1a-9136-4e28-88be-7c49a452fac1,이영희,male,1957-09-16,68,대구 서구53로 81
4a82a115-4c32-4086-b597-07177fc08931,장서연,female,1986-11-13,39,천안 중앙구80로 85
46e98c9b-ddac-4e36-b04f-f12672a708bf,홍아린,female,1991-12-13,34,강릉 중구81길 13
3d072eac-a559-4f06-8361-4a4110b09d9a,안나현,male,1997-12-24,28,용인 중앙구50로 29
b7f5409d-d125-4416-9735-c0790e78a5f3,이영희,female,2002-11-09,23,세종 북구5길 49
07ea454e-4929-4f0f-9d83-801f78d0a601,안나현,female,1983-11-06,42,창원 북구94길 26
4a43ae22-7559-49c6-a62f-6e0ba3fd5582,장서연,female,1996-08-01,29,수원 중구81길 42
e10bd37b-eb7f-4473-9ba5-3c3af8ab2d70,신재현,male,2000-02-15,25,세종 중앙구40로 32
f5150fa7-005e-440f-9238-59b158e9b47c,김철수,male,1959-07-03,66,수원 중구85로 45
27e3e92c-ac56-459b-aaf1-06064f289fec,서하늘,female,1985-04-24,40,광주 서구20로 91
35d602f2-0220-4284-9b7b-56aaf4cab3a5,홍아린,female,2009-11-27,16,수원 동구13길 80
afcb6e06-cad8-4618-b296-f43cf3af6650,정수진,female,1958-02-05,67,대전 동구44길 48
0a23c256-b981-454b-b6fd-8c43fb81d695,박지원,male,1994-11-25,31,수원 동구34로 18
a39a7b7a-9a07-42ac-9ee6-d4974d72bf83,안나현,male,1971-06-17,54,천안 동구75로 2
a0206370-e2da-46ca-a8dd-cac5e786f40a,문시우,female,2000-02-19,25,대전 북구28길 34
ca866203-909d-48e7-a17e-c8db9af95343,임도윤,female,1985-02-22,40,수원 서구97길 5
d74bb47b-c57f-4f57-b8ad-cc77a40b3c3d,장서연,female,1981-03-18,44,울산 서구32길 5
0535abf9-6eda-4668-aa2b-9cb8408f0ffb,최민준,male,1953-07-14,72,용인 남구50길 71
8274a505-b44d-42c1-9f23-0f9025560a0f,홍아린,female,1986-08-21,39,인천 동구10길 33
3540cfb1-cf11-4ba3-81b6-85ddec1ec2db,오지민,female,2007-11-17,18,수원 중앙구32로 95
9272bf4d-3864-4fe7-b38d-c460f1811f68,유건우,female,1961-10-06,64,춘천 서구10길 69
badaf932-4393-4058-9e4f-9fecc951c531,홍아린,male,1990-02-05,35,서울 동구35길 9
def77195-462a-41b5-829f-6f0e17490625,신재현,female,1972-05-05,53,성남 동구62로 70
2a34e758-17f2-4462-9cad-b0c23f2a2c86,김철수,male,2004-04-17,21,대구 동구62로 21
17808d19-4547-4da2-b249-09a389ecc4f9,백지호,female,1991-07-07,34,천안 남구86로 30
fd6becf3-69e9-4789-8643-4fa590289f9d,백지호,female,1998-11-04,27,세종 중구80길 7
8e8fa9e0-2ebc-4467-8340-569e36324c34,이영희,female,2010-12-26,15,대전 남구44로 19
e60fa2c5-fcc0-4d7c-90ca-db8dff5e85eb,홍아린,male,1974-08-23,51,천안 북구13길 67
80169032-18d8-439e-9906-79ca62b30704,박지원,male,2007-08-20,18,인천 중구67로 6
e4bfb83d-dd18-434c-974e-b4aa896e5675,윤지우,female,1987-12-19,38,광주 중앙구96길 9
803e8902-58a7-4a0e-8cdb-bdeb7db67fbb,신재현,male,1965-12-05,60,강릉 중구86길 37
5951e18c-533b-4597-b006-335326939a2a,신재현,male,1969-03-22,56,용인 서구18길 9
a162cfaa-133f-4c98-b33b-e4013665c166,이영희,female,1952-04-28,73,고양 서구64로 76
11fcc5e2-0bd9-4c5d-9dfc-aea70b85ede0,서하늘,male,1960-01-23,65,인천 남구75로 2
eb94f29f-476f-47c9-95a5-55a347ef0f6a,강예린,female,1971-01-20,54,대구 중구68로 78
fc2be1c8-cf92-4dc5-ba2d-fe4e8e2bff77,홍아린,female,2009-04-05,16,성남 서구49길 14
7e17608c-daaf-4093-b4b3-b964ceb76bf4,김철수,male,1981-08-15,44,용인 서구15길 80
64f9c1e8-7067-43bc-977f-24b747482507,홍아린,female,1979-09-19,46,성남 남구15로 81
63c7fe00-74f0-46a5-8406-49999fc60ccd,최민준,male,1962-07-09,63,전주 북구6로 47
fae48b75-05f9-42e0-88b6-9bcae87e81dc,임도윤,male,2009-03-26,16,청주 남구26길 60
32f1e717-784c-4c74-9733-ee137d57e887,이영희,female,1987-05-10,38,창원 중구41길 73
3b42d32d-1776-4491-9e26-bfcab995ce4c,임도윤,male,2009-01-26,16,대구 서구80길 90
7696c648-efad-4982-a840-d592d612edb6,김철수,male,1964-02-06,61,대구 동구33로 45
b6097102-5be2-419c-a219-9563ee4558d4,최민준,female,2008-05-19,17,포항 동구19로 20
f414e2fd-7164-46b8-ac09-49c3cae77eba,최민준,female,1950-08-10,75,부산 북구81길 59
4a510a24-5394-46db-8757-36a068ee25f6,한유진,male,1974-07-14,51,포항 중구74로 38
e332a3de-34f8-457d-a7c7-00a4c0e48f5a,이영희,male,2007-01-14,18,수원 중앙구61로 69
bb5a2c58-013f-4a9d-8a29-ace006edcca2,홍아린,female,1965-07-20,60,강릉 남구55길 87
be97c23e-efb9-4f70-87d4-2889b038efdc,조현우,male,1968-10-04,57,서울 동구56로 27
f3854a7b-94a3-47af-8c89-91b1fa40e37d,유건우,female,1988-01-14,37,고양 중앙구46길 35
610918f4-7e47-43bd-adde-08572f201b24,안나현,female,1976-05-08,49,제주 동구63로 65
381516c8-66fc-4594-9be3-5a49f06949c7,신재현,female,1962-12-09,63,인천 북구91로 74
8d72011d-4c91-4b1b-b918-65ef7930f067,신재현,female,1996-09-24,29,대구 동구90길 61
2d20cc00-dd2b-49d1-9550-cb3174f7ec30,정수진,male,1998-03-07,27,포항 남구95로 52
8dba3085-a5e0-4c05-8005-3ee7b0502364,홍아린,male,1988-11-22,37,고양 북구52로 21
6068efc9-0675-454a-b4fd-fb997709a3f3,최민준,female,1963-10-01,62,제주 중앙구94로 38
f8a4dce8-57e0-47a0-8f11-0fd75059b895,한유진,male,1999-10-23,26,대전 동구48길 23
b460afd6-2f72-47e2-bffa-72ce418d28d7,조현우,female,1962-02-22,63,대전 동구9로 46
ad1db08a-4334-4f05-8db9-c02fff8c978f,이영희,male,1995-01-17,30,춘천 북구85로 19
018eb9d5-42bf-4b34-b46e-70f907297dec,정수진,male,1964-03-05,61,강릉 중앙구37로 62
268ac40c-499c-4ba8-a175-7baf0ddb5f72,신재현,male,1953-12-05,72,강릉 서구65로 74
5ee6d51d-c0e4-42b6-97c8-1a48fed9d827,한유진,female,2008-07-17,17,대구 서구35로 15
2e6dbb9a-581f-4eba-8a9e-c4be203d763d,임도윤,male,1994-12-14,31,강릉 중구11로 47
f3a39bd4-ea97-4ea9-845f-d201a30234b5,노소율,female,1976-01-25,49,창원 남구49로 76
8387c68b-6d3e-45fc-9d75-8afb9b02e810,홍아린,male,1991-10-21,34,서울 중앙구13길 16
1cb559ac-7b05-4a8b-9371-667109f21295,노소율,male,2003-01-19,22,성남 남구40로 18
c560bca9-5d99-48e3-9dcb-6d93e968417b,김철수,female,1979-01-12,46,수원 동구9길 92
