Id,OrderItem,ItemId
7259ad69-8460-4e9e-9dad-ff13c7d8e5bb,b68e179d-6489-4a83-a9f6-6eb8b19015ff,9197cb47-1cc0-42f8-afba-d413996918c7
493c52f4-f42f-4a5a-b201-219a4a9f03dd,46624c20-69ad-49c7-b3f8-a7290681253e,4efb45ab-6246-43c6-af55-2b65e3d3fab2
ee78825e-7773-4ad1-9a68-d8ac053cd6de,46624c20-69ad-49c7-b3f8-a7290681253e,9197cb47-1cc0-42f8-afba-d413996918c7
f07abc13-7c22-4e00-9454-8f4d65f75f89,46624c20-69ad-49c7-b3f8-a7290681253e,4efb45ab-6246-43c6-af55-2b65e3d3fab2
6a48c748-9301-4be0-9bac-76454662f07e,db726f31-c5c1-401c-a680-d3b8674dc9ea,2282a1d4-bdbd-4b02-88b2-9d907795ed07
3e25e2e3-aa8b-486f-aa36-0f4c10cd719b,48ad80c1-f419-4b85-9221-0ef57b911c01,4efb45ab-6246-43c6-af55-2b65e3d3fab2
89795afa-31a2-48c0-835e-16e55eff44ea,2906226b-6d24-4fe8-af98-c68f7c87a252,dcdfad91-c7d6-4626-b02d-77cd1f7ce1a9
c0b68f33-5a82-4152-9a4d-27c0a38da19b,32e9a5fa-fcec-434f-b524-eae2c67cd100,9197cb47-1cc0-42f8-afba-d413996918c7
b95f31fe-40d7-4eb5-9827-278d425f73ed,48ad80c1-f419-4b85-9221-0ef57b911c01,2660e617-5c7b-4012-80d1-909c45142781
01f6ae6b-3757-4eeb-8874-e77515b83a6d,3a576cc8-28a7-47fa-87e1-e0316f78c44b,2660e617-5c7b-4012-80d1-909c45142781
